{"version": "1", "message": "ERROR: Hidden Testcases server unreachable.", "problem_id": "ads2_m2_a1_1", "user_id": "priyankamaladi77", "score": {"sample": {"0": {"execution_time": 0.37345218658447266, "passed": true}, "1": {"execution_time": 0.34224557876586914, "passed": true}, "2": {"execution_time": 0.3233194351196289, "passed": true}, "3": {"execution_time": 0.33192896842956543, "passed": true}, "4": {"execution_time": 0.2975578308105469, "passed": true}, "5": {"execution_time": 0.3787541389465332, "passed": true}, "6": {"execution_time": 0.33745455741882324, "passed": true}, "7": {"execution_time": 0.3475525379180908, "passed": true}, "8": {"execution_time": 0.3114440441131592, "passed": true}, "9": {"execution_time": 0.3067812919616699, "passed": true}, "10": {"execution_time": 0.3452417850494385, "passed": true}, "11": {"execution_time": 0.32027101516723633, "passed": true}, "12": {"execution_time": 0.322115421295166, "passed": true}, "13": {"execution_time": 0.3290390968322754, "passed": true}, "14": {"execution_time": 0.32297277450561523, "passed": true}, "15": {"execution_time": 0.34966087341308594, "passed": true}, "16": {"execution_time": 0.3422248363494873, "passed": true}, "17": {"execution_time": 0.47232651710510254, "passed": true}, "18": {"execution_time": 0.38947176933288574, "passed": true}, "19": {"execution_time": 0.4133791923522949, "passed": true}, "20": {"execution_time": 0.4059739112854004, "passed": true}, "21": {"execution_time": 0.3137655258178711, "passed": true}, "22": {"execution_time": 0.7726142406463623, "passed": true}, "23": {"execution_time": 0.5528817176818848, "passed": true}}}, "check_style_score": "1/1"}