{"version": "1", "message": "ERROR: Hidden Testcases server unreachable.", "problem_id": "ads2_m2_a1_1", "user_id": "priyankamaladi77", "score": {"sample": {"0": {"execution_time": 0.42044901847839355, "passed": true}, "1": {"execution_time": 0.3041083812713623, "passed": true}, "2": {"execution_time": 0.3147902488708496, "passed": true}, "3": {"execution_time": 0.2645590305328369, "passed": true}, "4": {"execution_time": 0.3345644474029541, "passed": true}, "5": {"execution_time": 0.15587425231933594, "passed": true}, "6": {"execution_time": 0.26607561111450195, "passed": true}, "7": {"execution_time": 0.363983154296875, "passed": true}, "8": {"execution_time": 0.22626852989196777, "passed": true}, "9": {"execution_time": 0.40959906578063965, "passed": true}, "10": {"execution_time": 0.28153371810913086, "passed": true}, "11": {"execution_time": 0.23178958892822266, "passed": true}, "12": {"execution_time": 0.37082743644714355, "passed": true}, "13": {"execution_time": 0.3030095100402832, "passed": true}, "14": {"execution_time": 0.32329845428466797, "passed": true}, "15": {"execution_time": 0.24641656875610352, "passed": true}, "16": {"execution_time": 0.4463539123535156, "passed": true}, "17": {"execution_time": 0.30301952362060547, "passed": true}, "18": {"execution_time": 0.46083545684814453, "passed": true}, "19": {"execution_time": 0.4846951961517334, "passed": true}, "20": {"execution_time": 0.35164976119995117, "passed": true}, "21": {"execution_time": 0.3754465579986572, "passed": true}, "22": {"execution_time": 0.5051720142364502, "passed": true}, "23": {"execution_time": 0.40055179595947266, "passed": true}}}, "check_style_score": "1/1"}