{"version": "1", "message": "ERROR: Hidden Testcases server unreachable.", "problem_id": "ads2_m2_a1_1", "user_id": "priyankamaladi77", "score": {"sample": {"0": {"execution_time": 0.18265628814697266, "passed": false}, "1": {"execution_time": 0.17038774490356445, "passed": false}, "2": {"execution_time": 0.180863618850708, "passed": false}, "3": {"execution_time": 0.14015793800354004, "passed": false}, "4": {"execution_time": 0.1386270523071289, "passed": false}, "5": {"execution_time": 0.2124314308166504, "passed": false}, "6": {"execution_time": 0.1606283187866211, "passed": false}, "7": {"execution_time": 0.1799781322479248, "passed": false}, "8": {"execution_time": 0.14729690551757812, "passed": false}, "9": {"execution_time": 0.171647310256958, "passed": false}, "10": {"execution_time": 0.20665788650512695, "passed": false}, "11": {"execution_time": 0.17951202392578125, "passed": false}, "12": {"execution_time": 0.15088725090026855, "passed": false}, "13": {"execution_time": 0.22153639793395996, "passed": false}, "14": {"execution_time": 0.1630544662475586, "passed": false}, "15": {"execution_time": 0.17229628562927246, "passed": false}, "16": {"execution_time": 0.1865389347076416, "passed": false}, "17": {"execution_time": 0.19398164749145508, "passed": false}, "18": {"execution_time": 0.18294358253479004, "passed": false}, "19": {"execution_time": 0.19353842735290527, "passed": false}, "20": {"execution_time": 0.2119455337524414, "passed": false}, "21": {"execution_time": 0.18448519706726074, "passed": false}, "22": {"execution_time": 0.26953864097595215, "passed": false}, "23": {"execution_time": 0.2931382656097412, "passed": false}}}, "check_style_score": "1/1"}