{"version": "1", "message": "ERROR: Hidden Testcases server unreachable.", "problem_id": "ads2_m2_a1_1", "user_id": "priyankamaladi77", "score": {"sample": {"0": {"execution_time": 0.3031294345855713, "passed": true}, "1": {"execution_time": 0.41895318031311035, "passed": true}, "2": {"execution_time": 0.3680551052093506, "passed": true}, "3": {"execution_time": 0.3147757053375244, "passed": true}, "4": {"execution_time": 0.24272584915161133, "passed": true}, "5": {"execution_time": 0.33772778511047363, "passed": true}, "6": {"execution_time": 0.21457457542419434, "passed": true}, "7": {"execution_time": 0.41000890731811523, "passed": true}, "8": {"execution_time": 0.3778064250946045, "passed": true}, "9": {"execution_time": 0.2744157314300537, "passed": true}, "10": {"execution_time": 0.35550403594970703, "passed": true}, "11": {"execution_time": 0.27185654640197754, "passed": true}, "12": {"execution_time": 0.34848856925964355, "passed": true}, "13": {"execution_time": 0.21558713912963867, "passed": true}, "14": {"execution_time": 0.32353997230529785, "passed": true}, "15": {"execution_time": 0.37099289894104004, "passed": true}, "16": {"execution_time": 0.3324136734008789, "passed": true}, "17": {"execution_time": 0.4647696018218994, "passed": true}, "18": {"execution_time": 0.41935062408447266, "passed": true}, "19": {"execution_time": 0.39284300804138184, "passed": true}, "20": {"execution_time": 0.38121747970581055, "passed": true}, "21": {"execution_time": 0.2616589069366455, "passed": true}, "22": {"execution_time": 0.44242262840270996, "passed": true}, "23": {"execution_time": 0.4563915729522705, "passed": true}}}, "check_style_score": "0/1"}