{"version": "1", "message": "ERROR: Hidden Testcases server unreachable.", "problem_id": "ads2_m2_a1_1", "user_id": "priyankamaladi77", "score": {"sample": {"0": {"execution_time": 0.16340041160583496, "passed": false}, "1": {"execution_time": 0.14371013641357422, "passed": false}, "2": {"execution_time": 0.17314481735229492, "passed": false}, "3": {"execution_time": 0.19764113426208496, "passed": false}, "4": {"execution_time": 0.17553043365478516, "passed": false}, "5": {"execution_time": 0.1548023223876953, "passed": false}, "6": {"execution_time": 0.17459464073181152, "passed": false}, "7": {"execution_time": 0.13873815536499023, "passed": false}, "8": {"execution_time": 0.18551325798034668, "passed": false}, "9": {"execution_time": 0.14763903617858887, "passed": false}, "10": {"execution_time": 0.1617264747619629, "passed": false}, "11": {"execution_time": 0.16057109832763672, "passed": false}, "12": {"execution_time": 0.1755373477935791, "passed": false}, "13": {"execution_time": 0.1399986743927002, "passed": false}, "14": {"execution_time": 0.1535935401916504, "passed": false}, "15": {"execution_time": 0.1732645034790039, "passed": false}, "16": {"execution_time": 0.21713876724243164, "passed": false}, "17": {"execution_time": 0.24509334564208984, "passed": false}, "18": {"execution_time": 0.1861872673034668, "passed": false}, "19": {"execution_time": 0.18464899063110352, "passed": false}, "20": {"execution_time": 0.22604751586914062, "passed": false}, "21": {"execution_time": 0.1515963077545166, "passed": false}, "22": {"execution_time": 0.30048608779907227, "passed": false}, "23": {"execution_time": 0.5970885753631592, "passed": false}}}, "check_style_score": "1/1"}