{"version": "1", "message": "ERROR: Hidden Testcases server unreachable.", "problem_id": "ads2_m2_a1_1", "user_id": "priyankamaladi77", "score": {"sample": {"0": {"execution_time": 0.15905523300170898, "passed": true}, "1": {"execution_time": 0.33368563652038574, "passed": true}, "2": {"execution_time": 0.4066126346588135, "passed": true}, "3": {"execution_time": 0.22185254096984863, "passed": true}, "4": {"execution_time": 0.23217344284057617, "passed": true}, "5": {"execution_time": 0.23725461959838867, "passed": true}, "6": {"execution_time": 0.2709383964538574, "passed": true}, "7": {"execution_time": 0.3540322780609131, "passed": true}, "8": {"execution_time": 0.3437533378601074, "passed": true}, "9": {"execution_time": 0.3395090103149414, "passed": true}, "10": {"execution_time": 0.2945992946624756, "passed": true}, "11": {"execution_time": 0.4478325843811035, "passed": true}, "12": {"execution_time": 0.15070247650146484, "passed": true}, "13": {"execution_time": 0.41510486602783203, "passed": true}, "14": {"execution_time": 0.16896367073059082, "passed": true}, "15": {"execution_time": 0.4026520252227783, "passed": true}, "16": {"execution_time": 0.6384062767028809, "passed": true}, "17": {"execution_time": 0.48218798637390137, "passed": true}, "18": {"execution_time": 0.3808860778808594, "passed": true}, "19": {"execution_time": 0.22550368309020996, "passed": true}, "20": {"execution_time": 0.3447136878967285, "passed": true}, "21": {"execution_time": 0.2682926654815674, "passed": true}, "22": {"execution_time": 0.4829881191253662, "passed": true}, "23": {"execution_time": 0.4212028980255127, "passed": true}}}, "check_style_score": "0/1"}