{"version": "1", "message": "ERROR: Hidden Testcases server unreachable.", "problem_id": "ads2_m2_a1_1", "user_id": "priyankamaladi77", "score": {"sample": {"0": {"execution_time": 0.3330247402191162, "passed": true}, "1": {"execution_time": 0.3872256278991699, "passed": true}, "2": {"execution_time": 0.3107926845550537, "passed": true}, "3": {"execution_time": 0.40387868881225586, "passed": true}, "4": {"execution_time": 0.3306894302368164, "passed": true}, "5": {"execution_time": 0.40439748764038086, "passed": true}, "6": {"execution_time": 0.20930147171020508, "passed": true}, "7": {"execution_time": 0.3075997829437256, "passed": true}, "8": {"execution_time": 0.39961695671081543, "passed": true}, "9": {"execution_time": 0.17196345329284668, "passed": true}, "10": {"execution_time": 0.3242223262786865, "passed": true}, "11": {"execution_time": 0.16911101341247559, "passed": true}, "12": {"execution_time": 0.24877095222473145, "passed": true}, "13": {"execution_time": 0.30379366874694824, "passed": true}, "14": {"execution_time": 0.29770898818969727, "passed": true}, "15": {"execution_time": 0.3472468852996826, "passed": true}, "16": {"execution_time": 0.3663637638092041, "passed": true}, "17": {"execution_time": 0.23604202270507812, "passed": true}, "18": {"execution_time": 0.33294224739074707, "passed": true}, "19": {"execution_time": 0.36372900009155273, "passed": true}, "20": {"execution_time": 0.41515064239501953, "passed": true}, "21": {"execution_time": 0.17955946922302246, "passed": true}, "22": {"execution_time": 0.5456926822662354, "passed": true}, "23": {"execution_time": 0.41523289680480957, "passed": true}}}, "check_style_score": "1/1"}