{"version": "1", "message": "ERROR: Hidden Testcases server unreachable.", "problem_id": "ads2_m2_a1_1", "user_id": "priyankamaladi77", "score": {"sample": {"0": {"execution_time": 0.3654148578643799, "passed": true}, "1": {"execution_time": 0.3894214630126953, "passed": true}, "2": {"execution_time": 0.3111264705657959, "passed": true}, "3": {"execution_time": 0.3911008834838867, "passed": true}, "4": {"execution_time": 0.3222942352294922, "passed": true}, "5": {"execution_time": 0.3548150062561035, "passed": true}, "6": {"execution_time": 0.35571718215942383, "passed": true}, "7": {"execution_time": 0.29953765869140625, "passed": true}, "8": {"execution_time": 0.3180265426635742, "passed": true}, "9": {"execution_time": 0.32722902297973633, "passed": true}, "10": {"execution_time": 0.40802979469299316, "passed": true}, "11": {"execution_time": 0.3043093681335449, "passed": true}, "12": {"execution_time": 0.2725081443786621, "passed": true}, "13": {"execution_time": 0.30060243606567383, "passed": true}, "14": {"execution_time": 0.3583347797393799, "passed": true}, "15": {"execution_time": 0.21393132209777832, "passed": true}, "16": {"execution_time": 0.33643364906311035, "passed": true}, "17": {"execution_time": 0.29783058166503906, "passed": true}, "18": {"execution_time": 0.3383455276489258, "passed": true}, "19": {"execution_time": 0.2608768939971924, "passed": true}, "20": {"execution_time": 0.4568209648132324, "passed": true}, "21": {"execution_time": 0.34641170501708984, "passed": true}, "22": {"execution_time": 0.5590031147003174, "passed": true}, "23": {"execution_time": 0.5512070655822754, "passed": true}}}, "check_style_score": "1/1"}