{"version": "1", "message": "ERROR: Hidden Testcases server unreachable.", "problem_id": "ads2_m2_a1_1", "user_id": "priyankamaladi77", "score": {"sample": {"0": {"execution_time": 0.4769613742828369, "passed": true}, "1": {"execution_time": 0.15122509002685547, "passed": true}, "2": {"execution_time": 0.14860248565673828, "passed": true}, "3": {"execution_time": 0.154829740524292, "passed": true}, "4": {"execution_time": 0.16156888008117676, "passed": true}, "5": {"execution_time": 0.14679336547851562, "passed": true}, "6": {"execution_time": 0.1495981216430664, "passed": true}, "7": {"execution_time": 0.15982651710510254, "passed": true}, "8": {"execution_time": 0.15819978713989258, "passed": true}, "9": {"execution_time": 0.14661455154418945, "passed": true}, "10": {"execution_time": 0.15863442420959473, "passed": true}, "11": {"execution_time": 0.22838854789733887, "passed": true}, "12": {"execution_time": 0.14960145950317383, "passed": true}, "13": {"execution_time": 0.15309977531433105, "passed": true}, "14": {"execution_time": 0.19148826599121094, "passed": true}, "15": {"execution_time": 0.16587185859680176, "passed": true}, "16": {"execution_time": 0.16578030586242676, "passed": true}, "17": {"execution_time": 0.1948084831237793, "passed": true}, "18": {"execution_time": 0.18890023231506348, "passed": true}, "19": {"execution_time": 0.1980271339416504, "passed": true}, "20": {"execution_time": 0.21043634414672852, "passed": true}, "21": {"execution_time": 0.19874167442321777, "passed": true}, "22": {"execution_time": 0.4552292823791504, "passed": true}, "23": {"execution_time": 0.2879495620727539, "passed": true}}}, "check_style_score": "0/1"}