{"version": "1", "message": "ERROR: Hidden Testcases server unreachable.", "problem_id": "ads2_m2_a1_1", "user_id": "priyankamaladi77", "score": {"sample": {"0": {"execution_time": 0.16632366180419922, "passed": true}, "1": {"execution_time": 0.14261960983276367, "passed": true}, "2": {"execution_time": 0.16356372833251953, "passed": true}, "3": {"execution_time": 0.1397416591644287, "passed": true}, "4": {"execution_time": 0.14205551147460938, "passed": true}, "5": {"execution_time": 0.17843866348266602, "passed": true}, "6": {"execution_time": 0.15241742134094238, "passed": true}, "7": {"execution_time": 0.18030190467834473, "passed": true}, "8": {"execution_time": 0.17257380485534668, "passed": true}, "9": {"execution_time": 0.15159869194030762, "passed": true}, "10": {"execution_time": 0.1630411148071289, "passed": true}, "11": {"execution_time": 0.18732190132141113, "passed": true}, "12": {"execution_time": 0.16706132888793945, "passed": true}, "13": {"execution_time": 0.1845076084136963, "passed": true}, "14": {"execution_time": 0.15096282958984375, "passed": true}, "15": {"execution_time": 0.19459271430969238, "passed": true}, "16": {"execution_time": 0.18772244453430176, "passed": true}, "17": {"execution_time": 0.21683382987976074, "passed": true}, "18": {"execution_time": 0.2106940746307373, "passed": true}, "19": {"execution_time": 0.20894837379455566, "passed": true}, "20": {"execution_time": 0.198516845703125, "passed": true}, "21": {"execution_time": 0.18151068687438965, "passed": true}, "22": {"execution_time": 0.31444835662841797, "passed": true}, "23": {"execution_time": 0.2902250289916992, "passed": true}}}, "check_style_score": "1/1"}