{"version": "1", "message": "ERROR: Hidden Testcases server unreachable.", "problem_id": "ads2_m2_a1_1", "user_id": "priyankamaladi77", "score": {"sample": {"0": {"execution_time": 0.16994905471801758, "passed": true}, "1": {"execution_time": 0.22250008583068848, "passed": true}, "2": {"execution_time": 0.34339308738708496, "passed": true}, "3": {"execution_time": 0.2939579486846924, "passed": true}, "4": {"execution_time": 0.3403043746948242, "passed": true}, "5": {"execution_time": 0.23301196098327637, "passed": true}, "6": {"execution_time": 0.14824891090393066, "passed": true}, "7": {"execution_time": 0.3926527500152588, "passed": true}, "8": {"execution_time": 0.2580373287200928, "passed": true}, "9": {"execution_time": 0.40314602851867676, "passed": true}, "10": {"execution_time": 0.39812183380126953, "passed": true}, "11": {"execution_time": 0.3498399257659912, "passed": true}, "12": {"execution_time": 0.27790355682373047, "passed": true}, "13": {"execution_time": 0.265300989151001, "passed": true}, "14": {"execution_time": 0.32587170600891113, "passed": true}, "15": {"execution_time": 0.41919922828674316, "passed": true}, "16": {"execution_time": 0.3543081283569336, "passed": true}, "17": {"execution_time": 0.4333181381225586, "passed": true}, "18": {"execution_time": 1.4692227840423584, "passed": true}, "19": {"execution_time": 0.4860994815826416, "passed": true}, "20": {"execution_time": 0.5167529582977295, "passed": true}, "21": {"execution_time": 0.2866020202636719, "passed": true}, "22": {"execution_time": 0.4647560119628906, "passed": true}, "23": {"execution_time": 0.5449435710906982, "passed": true}}}, "check_style_score": "1/1"}