{"version": "1", "message": "ERROR: Hidden Testcases server unreachable.", "problem_id": "ads2_m2_a1_1", "user_id": "priyankamaladi77", "score": {"sample": {"0": {"execution_time": 0.21796655654907227, "passed": true}, "1": {"execution_time": 0.1657881736755371, "passed": true}, "2": {"execution_time": 0.15100383758544922, "passed": true}, "3": {"execution_time": 0.16887402534484863, "passed": true}, "4": {"execution_time": 0.140702486038208, "passed": true}, "5": {"execution_time": 0.14618182182312012, "passed": true}, "6": {"execution_time": 0.1760413646697998, "passed": true}, "7": {"execution_time": 0.1406245231628418, "passed": true}, "8": {"execution_time": 0.2738780975341797, "passed": true}, "9": {"execution_time": 0.16960597038269043, "passed": true}, "10": {"execution_time": 0.14866304397583008, "passed": true}, "11": {"execution_time": 0.17505216598510742, "passed": true}, "12": {"execution_time": 0.14661097526550293, "passed": true}, "13": {"execution_time": 0.16737890243530273, "passed": true}, "14": {"execution_time": 0.1656181812286377, "passed": true}, "15": {"execution_time": 0.17197084426879883, "passed": true}, "16": {"execution_time": 0.16655802726745605, "passed": true}, "17": {"execution_time": 0.2139604091644287, "passed": true}, "18": {"execution_time": 0.17987775802612305, "passed": true}, "19": {"execution_time": 0.18300890922546387, "passed": true}, "20": {"execution_time": 0.20955944061279297, "passed": true}, "21": {"execution_time": 0.18267250061035156, "passed": true}, "22": {"execution_time": 0.33349013328552246, "passed": true}, "23": {"execution_time": 0.27612996101379395, "passed": true}}}, "check_style_score": "1/1"}