{"version": "1", "message": "ERROR: Hidden Testcases server unreachable.", "problem_id": "ads2_m2_a1_1", "user_id": "priyankamaladi77", "score": {"sample": {"0": {"execution_time": 0.24449467658996582, "passed": true}, "1": {"execution_time": 0.22591185569763184, "passed": true}, "2": {"execution_time": 0.28385472297668457, "passed": true}, "3": {"execution_time": 0.35757970809936523, "passed": true}, "4": {"execution_time": 0.32909560203552246, "passed": true}, "5": {"execution_time": 0.22513914108276367, "passed": true}, "6": {"execution_time": 0.2879524230957031, "passed": true}, "7": {"execution_time": 0.32596468925476074, "passed": true}, "8": {"execution_time": 0.1877455711364746, "passed": true}, "9": {"execution_time": 0.40056943893432617, "passed": true}, "10": {"execution_time": 0.1468818187713623, "passed": true}, "11": {"execution_time": 0.28455090522766113, "passed": true}, "12": {"execution_time": 0.30384182929992676, "passed": true}, "13": {"execution_time": 0.33253049850463867, "passed": true}, "14": {"execution_time": 0.28011012077331543, "passed": true}, "15": {"execution_time": 0.33597397804260254, "passed": true}, "16": {"execution_time": 0.4469783306121826, "passed": true}, "17": {"execution_time": 0.4640359878540039, "passed": true}, "18": {"execution_time": 0.32256555557250977, "passed": true}, "19": {"execution_time": 0.4181387424468994, "passed": true}, "20": {"execution_time": 0.413466215133667, "passed": true}, "21": {"execution_time": 0.3646676540374756, "passed": true}, "22": {"execution_time": 0.5177512168884277, "passed": true}, "23": {"execution_time": 0.447218656539917, "passed": true}}}, "check_style_score": "1/1"}