{"version": "1", "message": "ERROR: Hidden Testcases server unreachable.", "problem_id": "ads2_m2_a1_1", "user_id": "priyankamaladi77", "score": {"sample": {"0": {"execution_time": 0.20163559913635254, "passed": false}, "1": {"execution_time": 0.18451333045959473, "passed": false}, "2": {"execution_time": 0.16321754455566406, "passed": false}, "3": {"execution_time": 0.19344162940979004, "passed": false}, "4": {"execution_time": 0.15657877922058105, "passed": false}, "5": {"execution_time": 0.17716073989868164, "passed": false}, "6": {"execution_time": 0.17253804206848145, "passed": false}, "7": {"execution_time": 0.17151761054992676, "passed": false}, "8": {"execution_time": 0.1784210205078125, "passed": false}, "9": {"execution_time": 0.14860200881958008, "passed": false}, "10": {"execution_time": 0.14461803436279297, "passed": false}, "11": {"execution_time": 0.13967180252075195, "passed": false}, "12": {"execution_time": 0.1520688533782959, "passed": false}, "13": {"execution_time": 0.18051624298095703, "passed": false}, "14": {"execution_time": 0.14574003219604492, "passed": false}, "15": {"execution_time": 0.1646578311920166, "passed": false}, "16": {"execution_time": 0.17368268966674805, "passed": false}, "17": {"execution_time": 0.18724536895751953, "passed": false}, "18": {"execution_time": 0.1814262866973877, "passed": false}, "19": {"execution_time": 1.3748986721038818, "passed": false}, "20": {"execution_time": 0.24316644668579102, "passed": false}, "21": {"execution_time": 0.1471548080444336, "passed": false}, "22": {"execution_time": 0.3017578125, "passed": false}, "23": {"execution_time": 0.7567336559295654, "passed": false}}}, "check_style_score": "1/1"}