{"version": "1", "message": "ERROR: Hidden Testcases server unreachable.", "problem_id": "ads2_m2_a1_1", "user_id": "priyankamaladi77", "score": {"sample": {"0": {"execution_time": 0.30740904808044434, "passed": true}, "1": {"execution_time": 0.3672628402709961, "passed": true}, "2": {"execution_time": 0.44194746017456055, "passed": true}, "3": {"execution_time": 0.321608304977417, "passed": true}, "4": {"execution_time": 0.31192851066589355, "passed": true}, "5": {"execution_time": 0.2654306888580322, "passed": true}, "6": {"execution_time": 0.27607035636901855, "passed": true}, "7": {"execution_time": 0.4360015392303467, "passed": true}, "8": {"execution_time": 0.25573062896728516, "passed": true}, "9": {"execution_time": 0.24135661125183105, "passed": true}, "10": {"execution_time": 0.41368985176086426, "passed": true}, "11": {"execution_time": 0.15293645858764648, "passed": true}, "12": {"execution_time": 0.31853556632995605, "passed": true}, "13": {"execution_time": 0.378345251083374, "passed": true}, "14": {"execution_time": 0.1735858917236328, "passed": true}, "15": {"execution_time": 0.4480414390563965, "passed": true}, "16": {"execution_time": 0.39711523056030273, "passed": true}, "17": {"execution_time": 0.3789041042327881, "passed": true}, "18": {"execution_time": 0.4239206314086914, "passed": true}, "19": {"execution_time": 0.37439584732055664, "passed": true}, "20": {"execution_time": 0.37171101570129395, "passed": true}, "21": {"execution_time": 0.4852566719055176, "passed": true}, "22": {"execution_time": 0.38185906410217285, "passed": true}, "23": {"execution_time": 0.4551503658294678, "passed": true}}}, "check_style_score": "1/1"}