{"version": "1", "message": "ERROR: Hidden Testcases server unreachable.", "problem_id": "ads2_m2_a1_1", "user_id": "priyankamaladi77", "score": {"sample": {"0": {"execution_time": 0.15763139724731445, "passed": false}, "1": {"execution_time": 0.1436145305633545, "passed": false}, "2": {"execution_time": 0.13876557350158691, "passed": false}, "3": {"execution_time": 0.14166855812072754, "passed": false}, "4": {"execution_time": 0.16052937507629395, "passed": false}, "5": {"execution_time": 0.14273738861083984, "passed": false}, "6": {"execution_time": 0.17258834838867188, "passed": false}, "7": {"execution_time": 0.14337444305419922, "passed": false}, "8": {"execution_time": 0.14561152458190918, "passed": false}, "9": {"execution_time": 0.1735825538635254, "passed": false}, "10": {"execution_time": 0.19002199172973633, "passed": false}, "11": {"execution_time": 0.14351320266723633, "passed": false}, "12": {"execution_time": 0.19248247146606445, "passed": false}, "13": {"execution_time": 0.14860272407531738, "passed": false}, "14": {"execution_time": 0.17464017868041992, "passed": false}, "15": {"execution_time": 0.1771559715270996, "passed": false}, "16": {"execution_time": 0.1839606761932373, "passed": false}, "17": {"execution_time": 0.2066802978515625, "passed": false}, "18": {"execution_time": 0.2108008861541748, "passed": false}, "19": {"execution_time": 0.1957719326019287, "passed": false}, "20": {"execution_time": 0.2513294219970703, "passed": false}, "21": {"execution_time": 0.15543460845947266, "passed": false}, "22": {"execution_time": 0.2820398807525635, "passed": false}, "23": {"execution_time": 0.306821346282959, "passed": false}}}, "check_style_score": "1/1"}