{"version": "1", "message": "ERROR: Hidden Testcases server unreachable.", "problem_id": "ads2_m2_a1_1", "user_id": "priyankamaladi77", "score": {"sample": {"0": {"execution_time": 0.1667032241821289, "passed": true}, "1": {"execution_time": 0.14989614486694336, "passed": true}, "2": {"execution_time": 0.1690661907196045, "passed": true}, "3": {"execution_time": 0.1874983310699463, "passed": true}, "4": {"execution_time": 0.13962745666503906, "passed": true}, "5": {"execution_time": 0.14267611503601074, "passed": true}, "6": {"execution_time": 0.154585599899292, "passed": true}, "7": {"execution_time": 0.16156697273254395, "passed": true}, "8": {"execution_time": 0.15757966041564941, "passed": true}, "9": {"execution_time": 0.1830577850341797, "passed": true}, "10": {"execution_time": 0.18264150619506836, "passed": true}, "11": {"execution_time": 0.15817880630493164, "passed": true}, "12": {"execution_time": 0.1533210277557373, "passed": true}, "13": {"execution_time": 0.1446683406829834, "passed": true}, "14": {"execution_time": 0.19379115104675293, "passed": true}, "15": {"execution_time": 0.20448660850524902, "passed": true}, "16": {"execution_time": 0.17359280586242676, "passed": true}, "17": {"execution_time": 0.19248747825622559, "passed": true}, "18": {"execution_time": 0.17556023597717285, "passed": true}, "19": {"execution_time": 0.1895287036895752, "passed": true}, "20": {"execution_time": 0.20491480827331543, "passed": true}, "21": {"execution_time": 0.18749761581420898, "passed": true}, "22": {"execution_time": 0.29920506477355957, "passed": true}, "23": {"execution_time": 0.29810595512390137, "passed": true}}}, "check_style_score": "1/1"}