{"version": "1", "message": "ERROR: Hidden Testcases server unreachable.", "problem_id": "ads2_m2_a1_1", "user_id": "priyankamaladi77", "score": {"sample": {"0": {"execution_time": 0.22984910011291504, "passed": true}, "1": {"execution_time": 0.30219578742980957, "passed": true}, "2": {"execution_time": 0.27390551567077637, "passed": true}, "3": {"execution_time": 0.27988386154174805, "passed": true}, "4": {"execution_time": 0.328200101852417, "passed": true}, "5": {"execution_time": 0.3382890224456787, "passed": true}, "6": {"execution_time": 0.2556149959564209, "passed": true}, "7": {"execution_time": 0.2040698528289795, "passed": true}, "8": {"execution_time": 0.31378602981567383, "passed": true}, "9": {"execution_time": 0.2962791919708252, "passed": true}, "10": {"execution_time": 0.19412827491760254, "passed": true}, "11": {"execution_time": 0.33327794075012207, "passed": true}, "12": {"execution_time": 0.31504225730895996, "passed": true}, "13": {"execution_time": 0.2806892395019531, "passed": true}, "14": {"execution_time": 0.2648341655731201, "passed": true}, "15": {"execution_time": 0.36761903762817383, "passed": true}, "16": {"execution_time": 0.36612510681152344, "passed": true}, "17": {"execution_time": 0.3509984016418457, "passed": true}, "18": {"execution_time": 0.3424808979034424, "passed": true}, "19": {"execution_time": 0.35201382637023926, "passed": true}, "20": {"execution_time": 0.33730006217956543, "passed": true}, "21": {"execution_time": 0.3708007335662842, "passed": true}, "22": {"execution_time": 0.504218578338623, "passed": true}, "23": {"execution_time": 0.5692200660705566, "passed": true}}}, "check_style_score": "0/1"}