{"version": "1", "message": "ERROR: Hidden Testcases server unreachable.", "problem_id": "ads2_m2_a1_1", "user_id": "priyankamaladi77", "score": {"sample": {"0": {"execution_time": 0.20450210571289062, "passed": true}, "1": {"execution_time": 0.15306591987609863, "passed": true}, "2": {"execution_time": 0.13767600059509277, "passed": true}, "3": {"execution_time": 0.17113280296325684, "passed": true}, "4": {"execution_time": 0.1952667236328125, "passed": true}, "5": {"execution_time": 0.16451406478881836, "passed": true}, "6": {"execution_time": 0.15575933456420898, "passed": true}, "7": {"execution_time": 0.14705204963684082, "passed": true}, "8": {"execution_time": 0.13782978057861328, "passed": true}, "9": {"execution_time": 0.16698527336120605, "passed": true}, "10": {"execution_time": 0.1715402603149414, "passed": true}, "11": {"execution_time": 0.1728372573852539, "passed": true}, "12": {"execution_time": 0.14162087440490723, "passed": true}, "13": {"execution_time": 0.19443559646606445, "passed": true}, "14": {"execution_time": 0.14506745338439941, "passed": true}, "15": {"execution_time": 0.18976235389709473, "passed": true}, "16": {"execution_time": 0.1598978042602539, "passed": true}, "17": {"execution_time": 0.1914844512939453, "passed": true}, "18": {"execution_time": 0.1934826374053955, "passed": true}, "19": {"execution_time": 0.2031567096710205, "passed": true}, "20": {"execution_time": 0.22969675064086914, "passed": true}, "21": {"execution_time": 0.15555047988891602, "passed": true}, "22": {"execution_time": 0.3092379570007324, "passed": true}, "23": {"execution_time": 0.2932088375091553, "passed": true}}}, "check_style_score": "1/1"}