{"version": "1", "message": "ERROR: Hidden Testcases server unreachable.", "problem_id": "ads2_m2_a1_1", "user_id": "priyankamaladi77", "score": {"sample": {"0": {"execution_time": 0.37207961082458496, "passed": true}, "1": {"execution_time": 0.2868630886077881, "passed": true}, "2": {"execution_time": 0.36630702018737793, "passed": true}, "3": {"execution_time": 0.26258373260498047, "passed": true}, "4": {"execution_time": 0.5542504787445068, "passed": true}, "5": {"execution_time": 0.3847649097442627, "passed": true}, "6": {"execution_time": 0.26743030548095703, "passed": true}, "7": {"execution_time": 0.23883581161499023, "passed": true}, "8": {"execution_time": 0.3987748622894287, "passed": true}, "9": {"execution_time": 0.4003739356994629, "passed": true}, "10": {"execution_time": 0.25689268112182617, "passed": true}, "11": {"execution_time": 0.31389760971069336, "passed": true}, "12": {"execution_time": 0.28414177894592285, "passed": true}, "13": {"execution_time": 0.38126397132873535, "passed": true}, "14": {"execution_time": 0.40010714530944824, "passed": true}, "15": {"execution_time": 0.42935752868652344, "passed": true}, "16": {"execution_time": 0.4056966304779053, "passed": true}, "17": {"execution_time": 0.4185788631439209, "passed": true}, "18": {"execution_time": 0.43203163146972656, "passed": true}, "19": {"execution_time": 0.24839544296264648, "passed": true}, "20": {"execution_time": 0.38631558418273926, "passed": true}, "21": {"execution_time": 0.33203768730163574, "passed": true}, "22": {"execution_time": 0.5446431636810303, "passed": true}, "23": {"execution_time": 0.48024654388427734, "passed": true}}}, "check_style_score": "1/1"}