{"version": "1", "message": "ERROR: Hidden Testcases server unreachable.", "problem_id": "ads2_m2_a1_1", "user_id": "priyankamaladi77", "score": {"sample": {"0": {"execution_time": 0.43094515800476074, "passed": true}, "1": {"execution_time": 0.29004502296447754, "passed": true}, "2": {"execution_time": 0.325894832611084, "passed": true}, "3": {"execution_time": 0.32119011878967285, "passed": true}, "4": {"execution_time": 0.3514273166656494, "passed": true}, "5": {"execution_time": 0.1673891544342041, "passed": true}, "6": {"execution_time": 0.2744758129119873, "passed": true}, "7": {"execution_time": 0.25292420387268066, "passed": true}, "8": {"execution_time": 0.32005858421325684, "passed": true}, "9": {"execution_time": 0.2642192840576172, "passed": true}, "10": {"execution_time": 0.3815958499908447, "passed": true}, "11": {"execution_time": 0.24960017204284668, "passed": true}, "12": {"execution_time": 0.23813438415527344, "passed": true}, "13": {"execution_time": 0.33977198600769043, "passed": true}, "14": {"execution_time": 0.3163740634918213, "passed": true}, "15": {"execution_time": 0.35662102699279785, "passed": true}, "16": {"execution_time": 0.4208519458770752, "passed": true}, "17": {"execution_time": 0.2708861827850342, "passed": true}, "18": {"execution_time": 0.3363068103790283, "passed": true}, "19": {"execution_time": 0.28165602684020996, "passed": true}, "20": {"execution_time": 0.434985876083374, "passed": true}, "21": {"execution_time": 0.41774582862854004, "passed": true}, "22": {"execution_time": 0.5494868755340576, "passed": true}, "23": {"execution_time": 0.5826928615570068, "passed": true}}}, "check_style_score": "1/1"}