{"version": "1", "message": "ERROR: Hidden Testcases server unreachable.", "problem_id": "ads2_m16_a1_1", "user_id": "priyankamaladi77", "score": {"sample": {"0": {"execution_time": 0.30628156661987305, "passed": true}, "1": {"execution_time": 0.2424166202545166, "passed": true}, "2": {"execution_time": 0.603090763092041, "passed": true}, "3": {"execution_time": 0.5079319477081299, "passed": true}, "4": {"execution_time": 0.5232827663421631, "passed": true}, "5": {"execution_time": 0.6671881675720215, "passed": true}, "6": {"execution_time": 0.6654949188232422, "passed": true}, "7": {"execution_time": 0.5263402462005615, "passed": true}, "8": {"execution_time": 0.3742868900299072, "passed": true}, "9": {"execution_time": 0.6811909675598145, "passed": true}, "10": {"execution_time": 0.6115636825561523, "passed": true}, "11": {"execution_time": 3.7843801975250244, "passed": true}, "12": {"execution_time": 0.5351300239562988, "passed": true}, "13": {"execution_time": 0.3033442497253418, "passed": true}, "14": {"execution_time": 0.5795810222625732, "passed": true}, "15": {"execution_time": 0.570300817489624, "passed": true}, "16": {"execution_time": 0.27447986602783203, "passed": true}, "17": {"execution_time": 0.30770015716552734, "passed": true}, "18": {"execution_time": 0.4661107063293457, "passed": true}, "19": {"execution_time": 0.27445411682128906, "passed": true}, "20": {"execution_time": 0.3592829704284668, "passed": true}, "21": {"execution_time": 0.2608616352081299, "passed": true}, "22": {"execution_time": 0.26683783531188965, "passed": true}, "23": {"execution_time": 0.2647249698638916, "passed": true}, "24": {"execution_time": 0.21892786026000977, "passed": true}, "25": {"execution_time": 0.5657937526702881, "passed": true}, "26": {"execution_time": 0.4627857208251953, "passed": true}, "27": {"execution_time": 0.5660579204559326, "passed": true}, "28": {"execution_time": 0.9467291831970215, "passed": true}, "29": {"execution_time": 0.34581971168518066, "passed": false}}}, "check_style_score": "0/1"}