{"version": "1", "message": "ERROR: Hidden Testcases server unreachable.", "problem_id": "ads2_m16_a1_1", "user_id": "priyankamaladi77", "score": {"sample": {"0": {"execution_time": 0.42386841773986816, "passed": true}, "1": {"execution_time": 0.37755918502807617, "passed": true}, "2": {"execution_time": 0.6407623291015625, "passed": true}, "3": {"execution_time": 0.8696444034576416, "passed": true}, "4": {"execution_time": 0.5232150554656982, "passed": true}, "5": {"execution_time": 0.7635180950164795, "passed": true}, "6": {"execution_time": 0.5984809398651123, "passed": true}, "7": {"execution_time": 0.7380273342132568, "passed": true}, "8": {"execution_time": 0.4164090156555176, "passed": true}, "9": {"execution_time": 0.6728861331939697, "passed": true}, "10": {"execution_time": 0.630457878112793, "passed": true}, "11": {"execution_time": 3.9533591270446777, "passed": true}, "12": {"execution_time": 0.7300262451171875, "passed": true}, "13": {"execution_time": 0.2652907371520996, "passed": true}, "14": {"execution_time": 0.6217069625854492, "passed": true}, "15": {"execution_time": 0.7110271453857422, "passed": true}, "16": {"execution_time": 0.3322324752807617, "passed": true}, "17": {"execution_time": 0.3946192264556885, "passed": true}, "18": {"execution_time": 0.46575450897216797, "passed": true}, "19": {"execution_time": 0.35420846939086914, "passed": true}, "20": {"execution_time": 0.45831894874572754, "passed": true}, "21": {"execution_time": 0.4499058723449707, "passed": true}, "22": {"execution_time": 0.352219820022583, "passed": true}, "23": {"execution_time": 0.37961816787719727, "passed": true}, "24": {"execution_time": 0.39911937713623047, "passed": true}, "25": {"execution_time": 0.7143349647521973, "passed": true}, "26": {"execution_time": 0.5960204601287842, "passed": true}, "27": {"execution_time": 1.2335598468780518, "passed": true}, "28": {"execution_time": 1.19166898727417, "passed": true}, "29": {"execution_time": 0.27865099906921387, "passed": true}}}, "check_style_score": "0/1"}