{"version": "1", "message": "ERROR: Hidden Testcases server unreachable.", "problem_id": "ads2_m16_a1_1", "user_id": "priyankamaladi77", "score": {"sample": {"0": {"execution_time": 0.48465442657470703, "passed": false}, "1": {"execution_time": 0.44894981384277344, "passed": false}, "2": {"execution_time": 0.8246657848358154, "passed": false}, "3": {"execution_time": 0.868170976638794, "passed": false}, "4": {"execution_time": 0.635627269744873, "passed": false}, "5": {"execution_time": 0.6600139141082764, "passed": false}, "6": {"execution_time": 0.7674899101257324, "passed": false}, "7": {"execution_time": 0.7188470363616943, "passed": false}, "8": {"execution_time": 0.7720670700073242, "passed": false}, "9": {"execution_time": 0.7304110527038574, "passed": false}, "10": {"execution_time": 0.8830173015594482, "passed": false}, "11": {"execution_time": 0.5700376033782959, "passed": false}, "12": {"execution_time": 0.68733811378479, "passed": false}, "13": {"execution_time": 0.41536378860473633, "passed": false}, "14": {"execution_time": 0.678419828414917, "passed": false}, "15": {"execution_time": 0.7623004913330078, "passed": false}, "16": {"execution_time": 0.46062493324279785, "passed": false}, "17": {"execution_time": 0.5404131412506104, "passed": false}, "18": {"execution_time": 0.5465445518493652, "passed": false}, "19": {"execution_time": 0.46999263763427734, "passed": false}, "20": {"execution_time": 0.38008785247802734, "passed": false}, "21": {"execution_time": 0.3670237064361572, "passed": false}, "22": {"execution_time": 0.42711758613586426, "passed": false}, "23": {"execution_time": 1.5792152881622314, "passed": false}, "24": {"execution_time": 0.45197558403015137, "passed": false}, "25": {"execution_time": 0.7176094055175781, "passed": false}, "26": {"execution_time": 0.9801380634307861, "passed": false}, "27": {"execution_time": 0.7655408382415771, "passed": false}, "28": {"execution_time": 1.1127893924713135, "passed": false}, "29": {"execution_time": 0.4425172805786133, "passed": false}}}, "check_style_score": "0/1"}