{"version": "1", "message": "ERROR: Hidden Testcases server unreachable.", "problem_id": "ads2_m16_a1_1", "user_id": "priyankamaladi77", "score": {"sample": {"0": {"execution_time": 0.386185884475708, "passed": false}, "1": {"execution_time": 0.4440419673919678, "passed": false}, "2": {"execution_time": 0.8034646511077881, "passed": false}, "3": {"execution_time": 0.7667779922485352, "passed": false}, "4": {"execution_time": 0.7690131664276123, "passed": false}, "5": {"execution_time": 0.5915765762329102, "passed": false}, "6": {"execution_time": 0.7609333992004395, "passed": false}, "7": {"execution_time": 0.69268798828125, "passed": false}, "8": {"execution_time": 0.2692906856536865, "passed": false}, "9": {"execution_time": 0.6131329536437988, "passed": false}, "10": {"execution_time": 0.6839804649353027, "passed": false}, "11": {"execution_time": 0.2541675567626953, "passed": false}, "12": {"execution_time": 0.6821470260620117, "passed": false}, "13": {"execution_time": 0.22735142707824707, "passed": false}, "14": {"execution_time": 0.7241370677947998, "passed": false}, "15": {"execution_time": 0.8676209449768066, "passed": false}, "16": {"execution_time": 0.47009801864624023, "passed": false}, "17": {"execution_time": 0.4073457717895508, "passed": false}, "18": {"execution_time": 0.5005340576171875, "passed": false}, "19": {"execution_time": 0.389695405960083, "passed": false}, "20": {"execution_time": 0.4914560317993164, "passed": false}, "21": {"execution_time": 0.3372485637664795, "passed": false}, "22": {"execution_time": 0.5097053050994873, "passed": false}, "23": {"execution_time": 0.5026400089263916, "passed": false}, "24": {"execution_time": 0.36305880546569824, "passed": false}, "25": {"execution_time": 0.8555700778961182, "passed": false}, "26": {"execution_time": 0.5685749053955078, "passed": false}, "27": {"execution_time": 0.6008028984069824, "passed": false}, "28": {"execution_time": 0.9602906703948975, "passed": false}, "29": {"execution_time": 0.4486527442932129, "passed": false}}}, "check_style_score": "0/1"}