{"version": "1", "message": "ERROR: Hidden Testcases server unreachable.", "problem_id": "ads2_m16_a1_1", "user_id": "priyankamaladi77", "score": {"sample": {"0": {"execution_time": 0.21880793571472168, "passed": false}, "1": {"execution_time": 0.23598909378051758, "passed": false}, "2": {"execution_time": 0.5172638893127441, "passed": false}, "3": {"execution_time": 0.4949507713317871, "passed": false}, "4": {"execution_time": 0.4914586544036865, "passed": false}, "5": {"execution_time": 0.510634183883667, "passed": false}, "6": {"execution_time": 0.49444007873535156, "passed": false}, "7": {"execution_time": 0.4797043800354004, "passed": false}, "8": {"execution_time": 0.2733922004699707, "passed": false}, "9": {"execution_time": 0.49976086616516113, "passed": false}, "10": {"execution_time": 0.502478837966919, "passed": false}, "11": {"execution_time": 0.1809978485107422, "passed": false}, "12": {"execution_time": 0.5199661254882812, "passed": false}, "13": {"execution_time": 0.23549103736877441, "passed": false}, "14": {"execution_time": 0.5205228328704834, "passed": false}, "15": {"execution_time": 0.47005653381347656, "passed": false}, "16": {"execution_time": 0.25600266456604004, "passed": false}, "17": {"execution_time": 0.2777824401855469, "passed": false}, "18": {"execution_time": 0.25235724449157715, "passed": false}, "19": {"execution_time": 0.24470019340515137, "passed": false}, "20": {"execution_time": 0.3101351261138916, "passed": false}, "21": {"execution_time": 0.24665546417236328, "passed": false}, "22": {"execution_time": 0.5607845783233643, "passed": false}, "23": {"execution_time": 0.2482585906982422, "passed": false}, "24": {"execution_time": 0.21918845176696777, "passed": false}, "25": {"execution_time": 0.48421669006347656, "passed": false}, "26": {"execution_time": 0.47074294090270996, "passed": false}, "27": {"execution_time": 0.5974349975585938, "passed": false}, "28": {"execution_time": 0.8322694301605225, "passed": false}, "29": {"execution_time": 0.23974871635437012, "passed": false}}}, "check_style_score": "0/1"}