{"version": "1", "message": "ERROR: Hidden Testcases server unreachable.", "problem_id": "ads2_m16_a1_1", "user_id": "priyankamaladi77", "score": {"sample": {"0": {"execution_time": 0.5330996513366699, "passed": false}, "1": {"execution_time": 0.3390040397644043, "passed": false}, "2": {"execution_time": 0.8430960178375244, "passed": false}, "3": {"execution_time": 0.6902718544006348, "passed": false}, "4": {"execution_time": 0.7416629791259766, "passed": false}, "5": {"execution_time": 0.6465380191802979, "passed": false}, "6": {"execution_time": 0.6226584911346436, "passed": false}, "7": {"execution_time": 0.643486499786377, "passed": false}, "8": {"execution_time": 0.2979440689086914, "passed": false}, "9": {"execution_time": 0.7940359115600586, "passed": false}, "10": {"execution_time": 0.7175493240356445, "passed": false}, "11": {"execution_time": 0.3161046504974365, "passed": false}, "12": {"execution_time": 0.6073076725006104, "passed": false}, "13": {"execution_time": 0.38101768493652344, "passed": false}, "14": {"execution_time": 0.7595803737640381, "passed": false}, "15": {"execution_time": 0.6533632278442383, "passed": false}, "16": {"execution_time": 0.46188902854919434, "passed": false}, "17": {"execution_time": 0.4710543155670166, "passed": false}, "18": {"execution_time": 0.5272219181060791, "passed": false}, "19": {"execution_time": 0.33687663078308105, "passed": false}, "20": {"execution_time": 0.41205692291259766, "passed": false}, "21": {"execution_time": 0.5294408798217773, "passed": false}, "22": {"execution_time": 0.4021148681640625, "passed": false}, "23": {"execution_time": 0.539419412612915, "passed": false}, "24": {"execution_time": 0.47759389877319336, "passed": false}, "25": {"execution_time": 0.601651668548584, "passed": false}, "26": {"execution_time": 0.6445522308349609, "passed": false}, "27": {"execution_time": 0.6985468864440918, "passed": false}, "28": {"execution_time": 1.063936710357666, "passed": false}, "29": {"execution_time": 0.38554954528808594, "passed": false}}}, "check_style_score": "0/1"}