{"version": "1", "message": "ERROR: Hidden Testcases server unreachable.", "problem_id": "ads2_m16_a1_1", "user_id": "priyankamaladi77", "score": {"sample": {"0": {"execution_time": 0.5217974185943604, "passed": false}, "1": {"execution_time": 0.5110788345336914, "passed": false}, "2": {"execution_time": 0.7181951999664307, "passed": false}, "3": {"execution_time": 0.6522383689880371, "passed": false}, "4": {"execution_time": 0.7881076335906982, "passed": false}, "5": {"execution_time": 0.5620312690734863, "passed": false}, "6": {"execution_time": 0.8227243423461914, "passed": false}, "7": {"execution_time": 0.7355008125305176, "passed": false}, "8": {"execution_time": 0.5442671775817871, "passed": false}, "9": {"execution_time": 0.5421957969665527, "passed": false}, "10": {"execution_time": 0.8125917911529541, "passed": false}, "11": {"execution_time": 0.23514080047607422, "passed": false}, "12": {"execution_time": 0.6626081466674805, "passed": false}, "13": {"execution_time": 0.339216947555542, "passed": false}, "14": {"execution_time": 0.6782352924346924, "passed": false}, "15": {"execution_time": 0.5843703746795654, "passed": false}, "16": {"execution_time": 0.38347458839416504, "passed": false}, "17": {"execution_time": 0.42526912689208984, "passed": false}, "18": {"execution_time": 0.4244527816772461, "passed": false}, "19": {"execution_time": 0.40952014923095703, "passed": false}, "20": {"execution_time": 0.38884401321411133, "passed": false}, "21": {"execution_time": 0.4517486095428467, "passed": false}, "22": {"execution_time": 0.4810664653778076, "passed": false}, "23": {"execution_time": 0.3809506893157959, "passed": false}, "24": {"execution_time": 0.4910850524902344, "passed": false}, "25": {"execution_time": 0.7721140384674072, "passed": false}, "26": {"execution_time": 0.5743198394775391, "passed": false}, "27": {"execution_time": 0.6744511127471924, "passed": false}, "28": {"execution_time": 1.0123677253723145, "passed": false}, "29": {"execution_time": 0.44469141960144043, "passed": false}}}, "check_style_score": "0/1"}