{"version": "1", "message": "ERROR: Hidden Testcases server unreachable.", "problem_id": "ads2_m16_a1_1", "user_id": "priyankamaladi77", "score": {"sample": {"0": {"execution_time": 0.360659122467041, "passed": false}, "1": {"execution_time": 0.4340693950653076, "passed": false}, "2": {"execution_time": 0.7690577507019043, "passed": false}, "3": {"execution_time": 0.7834763526916504, "passed": false}, "4": {"execution_time": 0.7406597137451172, "passed": false}, "5": {"execution_time": 0.7803819179534912, "passed": false}, "6": {"execution_time": 0.5709097385406494, "passed": false}, "7": {"execution_time": 0.6705679893493652, "passed": false}, "8": {"execution_time": 0.48479318618774414, "passed": false}, "9": {"execution_time": 0.674574613571167, "passed": false}, "10": {"execution_time": 0.6860861778259277, "passed": false}, "11": {"execution_time": 0.3157052993774414, "passed": false}, "12": {"execution_time": 0.6368966102600098, "passed": false}, "13": {"execution_time": 0.5190627574920654, "passed": false}, "14": {"execution_time": 0.6388673782348633, "passed": false}, "15": {"execution_time": 0.6501333713531494, "passed": false}, "16": {"execution_time": 0.3860814571380615, "passed": false}, "17": {"execution_time": 0.32599639892578125, "passed": false}, "18": {"execution_time": 0.502821683883667, "passed": false}, "19": {"execution_time": 0.3529350757598877, "passed": false}, "20": {"execution_time": 0.5368931293487549, "passed": false}, "21": {"execution_time": 0.5860311985015869, "passed": false}, "22": {"execution_time": 0.41849327087402344, "passed": false}, "23": {"execution_time": 0.48410534858703613, "passed": false}, "24": {"execution_time": 0.3609657287597656, "passed": false}, "25": {"execution_time": 0.5518388748168945, "passed": false}, "26": {"execution_time": 0.6890475749969482, "passed": false}, "27": {"execution_time": 0.7606415748596191, "passed": false}, "28": {"execution_time": 1.152923822402954, "passed": false}, "29": {"execution_time": 0.3778877258300781, "passed": false}}}, "check_style_score": "0/1"}