{"version": "1", "message": "ERROR: Hidden Testcases server unreachable.", "problem_id": "ads2_m16_a1_1", "user_id": "priyankamaladi77", "score": {"sample": {"0": {"execution_time": 0.3016321659088135, "passed": true}, "1": {"execution_time": 0.5415542125701904, "passed": true}, "2": {"execution_time": 0.966954231262207, "passed": true}, "3": {"execution_time": 1.0011348724365234, "passed": true}, "4": {"execution_time": 1.0023956298828125, "passed": true}, "5": {"execution_time": 1.1493558883666992, "passed": true}, "6": {"execution_time": 1.0247504711151123, "passed": true}, "7": {"execution_time": 0.996178150177002, "passed": true}, "8": {"execution_time": 0.5466227531433105, "passed": true}, "9": {"execution_time": 1.049076795578003, "passed": true}, "10": {"execution_time": 1.0836460590362549, "passed": true}, "11": {"execution_time": 7.8063859939575195, "passed": true}, "12": {"execution_time": 1.0354986190795898, "passed": true}, "13": {"execution_time": 0.5132544040679932, "passed": true}, "14": {"execution_time": 1.067704677581787, "passed": true}, "15": {"execution_time": 0.991553544998169, "passed": true}, "16": {"execution_time": 0.5624253749847412, "passed": true}, "17": {"execution_time": 0.5780858993530273, "passed": true}, "18": {"execution_time": 0.5129241943359375, "passed": true}, "19": {"execution_time": 0.5363202095031738, "passed": true}, "20": {"execution_time": 0.6055872440338135, "passed": true}, "21": {"execution_time": 0.5585806369781494, "passed": true}, "22": {"execution_time": 0.5260317325592041, "passed": true}, "23": {"execution_time": 0.5499191284179688, "passed": true}, "24": {"execution_time": 0.4106481075286865, "passed": true}, "25": {"execution_time": 1.0970823764801025, "passed": true}, "26": {"execution_time": 1.030043125152588, "passed": true}, "27": {"execution_time": 1.1765069961547852, "passed": true}, "28": {"execution_time": 1.5557284355163574, "passed": true}, "29": {"execution_time": 0.45154809951782227, "passed": false}}}, "check_style_score": "0/1"}