{"version": "1", "message": "ERROR: Hidden Testcases server unreachable.", "problem_id": "ads2_m16_a1_1", "user_id": "priyankamaladi77", "score": {"sample": {"0": {"execution_time": 0.3164939880371094, "passed": true}, "1": {"execution_time": 0.26709818840026855, "passed": true}, "2": {"execution_time": 0.5925428867340088, "passed": true}, "3": {"execution_time": 0.5137624740600586, "passed": true}, "4": {"execution_time": 0.6136469841003418, "passed": true}, "5": {"execution_time": 0.6491820812225342, "passed": true}, "6": {"execution_time": 0.5809552669525146, "passed": true}, "7": {"execution_time": 0.5057194232940674, "passed": true}, "8": {"execution_time": 0.2973823547363281, "passed": true}, "9": {"execution_time": 0.6102738380432129, "passed": true}, "10": {"execution_time": 0.6239073276519775, "passed": true}, "11": {"execution_time": 3.658978223800659, "passed": true}, "12": {"execution_time": 0.6487276554107666, "passed": true}, "13": {"execution_time": 0.3020334243774414, "passed": true}, "14": {"execution_time": 0.7036681175231934, "passed": true}, "15": {"execution_time": 0.5120933055877686, "passed": true}, "16": {"execution_time": 0.36707210540771484, "passed": true}, "17": {"execution_time": 0.3898613452911377, "passed": true}, "18": {"execution_time": 0.26760101318359375, "passed": true}, "19": {"execution_time": 0.3681449890136719, "passed": true}, "20": {"execution_time": 0.28922557830810547, "passed": true}, "21": {"execution_time": 0.2462778091430664, "passed": true}, "22": {"execution_time": 0.2677652835845947, "passed": true}, "23": {"execution_time": 0.29024338722229004, "passed": true}, "24": {"execution_time": 0.2656233310699463, "passed": true}, "25": {"execution_time": 0.6263248920440674, "passed": true}, "26": {"execution_time": 0.4461250305175781, "passed": true}, "27": {"execution_time": 0.6898024082183838, "passed": true}, "28": {"execution_time": 0.856964111328125, "passed": true}, "29": {"execution_time": 0.27170252799987793, "passed": false}}}, "check_style_score": "0/1"}