{"version": "1", "message": "ERROR: Hidden Testcases server unreachable.", "problem_id": "ads2_m16_a1_1", "user_id": "priyankamaladi77", "score": {"sample": {"0": {"execution_time": 0.3786656856536865, "passed": false}, "1": {"execution_time": 0.37097883224487305, "passed": false}, "2": {"execution_time": 0.8732991218566895, "passed": false}, "3": {"execution_time": 0.7930588722229004, "passed": false}, "4": {"execution_time": 0.6105151176452637, "passed": false}, "5": {"execution_time": 0.6877391338348389, "passed": false}, "6": {"execution_time": 0.6043879985809326, "passed": false}, "7": {"execution_time": 0.5986332893371582, "passed": false}, "8": {"execution_time": 0.5488157272338867, "passed": false}, "9": {"execution_time": 0.5315117835998535, "passed": false}, "10": {"execution_time": 0.6420426368713379, "passed": false}, "11": {"execution_time": 0.35458993911743164, "passed": false}, "12": {"execution_time": 0.6391487121582031, "passed": false}, "13": {"execution_time": 0.5258445739746094, "passed": false}, "14": {"execution_time": 0.6668531894683838, "passed": false}, "15": {"execution_time": 0.6926383972167969, "passed": false}, "16": {"execution_time": 0.3990044593811035, "passed": false}, "17": {"execution_time": 0.37675023078918457, "passed": false}, "18": {"execution_time": 0.3811795711517334, "passed": false}, "19": {"execution_time": 0.5623900890350342, "passed": false}, "20": {"execution_time": 0.3482167720794678, "passed": false}, "21": {"execution_time": 0.515244722366333, "passed": false}, "22": {"execution_time": 0.5069949626922607, "passed": false}, "23": {"execution_time": 0.41901540756225586, "passed": false}, "24": {"execution_time": 0.28707170486450195, "passed": false}, "25": {"execution_time": 0.6645486354827881, "passed": false}, "26": {"execution_time": 0.6338438987731934, "passed": false}, "27": {"execution_time": 0.717430591583252, "passed": false}, "28": {"execution_time": 0.8584651947021484, "passed": false}, "29": {"execution_time": 0.37371087074279785, "passed": false}}}, "check_style_score": "0/1"}