{"version": "1", "message": "ERROR: Hidden Testcases server unreachable.", "problem_id": "ads2_m16_a1_1", "user_id": "priyankamaladi77", "score": {"sample": {"0": {"execution_time": 0.37131309509277344, "passed": false}, "1": {"execution_time": 0.5576345920562744, "passed": false}, "2": {"execution_time": 0.6480226516723633, "passed": false}, "3": {"execution_time": 0.6057333946228027, "passed": false}, "4": {"execution_time": 0.6180315017700195, "passed": false}, "5": {"execution_time": 0.7658638954162598, "passed": false}, "6": {"execution_time": 0.7050418853759766, "passed": false}, "7": {"execution_time": 0.7623558044433594, "passed": false}, "8": {"execution_time": 0.40389084815979004, "passed": false}, "9": {"execution_time": 0.6619811058044434, "passed": false}, "10": {"execution_time": 0.8113076686859131, "passed": false}, "11": {"execution_time": 0.42248106002807617, "passed": false}, "12": {"execution_time": 0.6382226943969727, "passed": false}, "13": {"execution_time": 0.43921375274658203, "passed": false}, "14": {"execution_time": 0.7158451080322266, "passed": false}, "15": {"execution_time": 0.7130661010742188, "passed": false}, "16": {"execution_time": 0.47467875480651855, "passed": false}, "17": {"execution_time": 0.42151355743408203, "passed": false}, "18": {"execution_time": 0.43764209747314453, "passed": false}, "19": {"execution_time": 0.37698984146118164, "passed": false}, "20": {"execution_time": 0.45199060440063477, "passed": false}, "21": {"execution_time": 0.48553967475891113, "passed": false}, "22": {"execution_time": 0.4528224468231201, "passed": false}, "23": {"execution_time": 0.5150301456451416, "passed": false}, "24": {"execution_time": 0.4552738666534424, "passed": false}, "25": {"execution_time": 0.5773880481719971, "passed": false}, "26": {"execution_time": 0.5545337200164795, "passed": false}, "27": {"execution_time": 0.7701854705810547, "passed": false}, "28": {"execution_time": 1.2739262580871582, "passed": false}, "29": {"execution_time": 0.5191259384155273, "passed": false}}}, "check_style_score": "0/1"}