{"version": "1", "message": "ERROR: Hidden Testcases server unreachable.", "problem_id": "ads2_m16_a1_1", "user_id": "priyankamaladi77", "score": {"sample": {"0": {"execution_time": 0.492234468460083, "passed": false}, "1": {"execution_time": 0.3826920986175537, "passed": false}, "2": {"execution_time": 1.4048938751220703, "passed": false}, "3": {"execution_time": 0.7432124614715576, "passed": false}, "4": {"execution_time": 0.7635159492492676, "passed": false}, "5": {"execution_time": 0.8076725006103516, "passed": false}, "6": {"execution_time": 0.7410678863525391, "passed": false}, "7": {"execution_time": 0.566746711730957, "passed": false}, "8": {"execution_time": 0.35127854347229004, "passed": false}, "9": {"execution_time": 0.6555030345916748, "passed": false}, "10": {"execution_time": 0.6247527599334717, "passed": false}, "11": {"execution_time": 0.4579296112060547, "passed": false}, "12": {"execution_time": 0.6660611629486084, "passed": false}, "13": {"execution_time": 0.4677731990814209, "passed": false}, "14": {"execution_time": 0.6091403961181641, "passed": false}, "15": {"execution_time": 0.6873011589050293, "passed": false}, "16": {"execution_time": 0.36296606063842773, "passed": false}, "17": {"execution_time": 0.485506534576416, "passed": false}, "18": {"execution_time": 0.5715723037719727, "passed": false}, "19": {"execution_time": 0.7369742393493652, "passed": false}, "20": {"execution_time": 0.34220170974731445, "passed": false}, "21": {"execution_time": 0.41182923316955566, "passed": false}, "22": {"execution_time": 0.3524665832519531, "passed": false}, "23": {"execution_time": 0.49299025535583496, "passed": false}, "24": {"execution_time": 0.46419668197631836, "passed": false}, "25": {"execution_time": 0.9789218902587891, "passed": false}, "26": {"execution_time": 0.8691573143005371, "passed": false}, "27": {"execution_time": 1.083355188369751, "passed": false}, "28": {"execution_time": 1.6014442443847656, "passed": false}, "29": {"execution_time": 0.4976084232330322, "passed": false}}}, "check_style_score": "0/1"}