{"version": "1", "message": "ERROR: Hidden Testcases server unreachable.", "problem_id": "ads2_m16_a1_1", "user_id": "priyankamaladi77", "score": {"sample": {"0": {"execution_time": 3.740558385848999, "passed": false}, "1": {"execution_time": 3.7911903858184814, "passed": false}, "2": {"execution_time": 4.229299783706665, "passed": false}, "3": {"execution_time": 4.329485654830933, "passed": false}, "4": {"execution_time": 4.029001235961914, "passed": false}, "5": {"execution_time": 4.166548728942871, "passed": false}, "6": {"execution_time": 4.126947641372681, "passed": false}, "7": {"execution_time": 4.086089372634888, "passed": false}, "8": {"execution_time": 4.127979278564453, "passed": false}, "9": {"execution_time": 4.117460489273071, "passed": false}, "10": {"execution_time": 4.1286303997039795, "passed": false}, "11": {"execution_time": 3.8468430042266846, "passed": false}, "12": {"execution_time": 4.144030809402466, "passed": false}, "13": {"execution_time": 3.9132001399993896, "passed": false}, "14": {"execution_time": 4.253398656845093, "passed": false}, "15": {"execution_time": 4.184861660003662, "passed": false}, "16": {"execution_time": 4.202150344848633, "passed": false}, "17": {"execution_time": 3.9334311485290527, "passed": false}, "18": {"execution_time": 8.464598178863525, "passed": false}, "19": {"execution_time": 8.351775407791138, "passed": false}, "20": {"execution_time": 8.480793476104736, "passed": false}, "21": {"execution_time": 8.393183946609497, "passed": false}, "22": {"execution_time": 8.431103467941284, "passed": false}, "23": {"execution_time": 8.45743179321289, "passed": false}, "24": {"execution_time": 8.337905645370483, "passed": false}, "25": {"execution_time": 8.733665466308594, "passed": false}, "26": {"execution_time": 8.7839515209198, "passed": false}, "27": {"execution_time": 8.839219570159912, "passed": false}, "28": {"execution_time": 9.41185998916626, "passed": false}, "29": {"execution_time": 0.46254563331604004, "passed": false}}}, "check_style_score": "0/1"}