{"version": "1", "message": "ERROR: Hidden Testcases server unreachable.", "problem_id": "ads2_m16_a1_1", "user_id": "priyankamaladi77", "score": {"sample": {"0": {"execution_time": 3.775818109512329, "passed": false}, "1": {"execution_time": 3.7188827991485596, "passed": false}, "2": {"execution_time": 3.974367380142212, "passed": false}, "3": {"execution_time": 4.034325361251831, "passed": false}, "4": {"execution_time": 4.213555335998535, "passed": false}, "5": {"execution_time": 3.981462240219116, "passed": false}, "6": {"execution_time": 3.9900832176208496, "passed": false}, "7": {"execution_time": 3.9752590656280518, "passed": false}, "8": {"execution_time": 3.755000591278076, "passed": false}, "9": {"execution_time": 4.0089452266693115, "passed": false}, "10": {"execution_time": 4.018419981002808, "passed": false}, "11": {"execution_time": 3.67608904838562, "passed": false}, "12": {"execution_time": 3.9759788513183594, "passed": false}, "13": {"execution_time": 3.734362840652466, "passed": false}, "14": {"execution_time": 3.971393346786499, "passed": false}, "15": {"execution_time": 4.291897296905518, "passed": false}, "16": {"execution_time": 3.8147199153900146, "passed": false}, "17": {"execution_time": 3.792029857635498, "passed": false}, "18": {"execution_time": 3.906496524810791, "passed": false}, "19": {"execution_time": 3.7958762645721436, "passed": false}, "20": {"execution_time": 3.826061964035034, "passed": false}, "21": {"execution_time": 3.9695229530334473, "passed": false}, "22": {"execution_time": 3.833085775375366, "passed": false}, "23": {"execution_time": 3.8197343349456787, "passed": false}, "24": {"execution_time": 3.691298723220825, "passed": false}, "25": {"execution_time": 3.9814035892486572, "passed": false}, "26": {"execution_time": 3.9514431953430176, "passed": false}, "27": {"execution_time": 4.002871036529541, "passed": false}, "28": {"execution_time": 4.237143039703369, "passed": false}, "29": {"execution_time": 0.21262001991271973, "passed": false}}}, "check_style_score": "0/1"}