{"version": "1", "message": "ERROR: Hidden Testcases server unreachable.", "problem_id": "ads2_m16_a1_1", "user_id": "priyankamaladi77", "score": {"sample": {"0": {"execution_time": 0.2513284683227539, "passed": true}, "1": {"execution_time": 0.3381061553955078, "passed": true}, "2": {"execution_time": 0.563744068145752, "passed": true}, "3": {"execution_time": 0.5811765193939209, "passed": true}, "4": {"execution_time": 0.5828204154968262, "passed": true}, "5": {"execution_time": 0.5796563625335693, "passed": true}, "6": {"execution_time": 0.5734550952911377, "passed": true}, "7": {"execution_time": 0.58278489112854, "passed": true}, "8": {"execution_time": 0.6936206817626953, "passed": true}, "9": {"execution_time": 0.554854154586792, "passed": true}, "10": {"execution_time": 0.5079770088195801, "passed": true}, "11": {"execution_time": 3.5704262256622314, "passed": true}, "12": {"execution_time": 0.5572869777679443, "passed": true}, "13": {"execution_time": 0.20980024337768555, "passed": true}, "14": {"execution_time": 0.7710397243499756, "passed": true}, "15": {"execution_time": 0.6146776676177979, "passed": true}, "16": {"execution_time": 0.31412625312805176, "passed": true}, "17": {"execution_time": 0.27651166915893555, "passed": true}, "18": {"execution_time": 0.3550567626953125, "passed": true}, "19": {"execution_time": 0.2525007724761963, "passed": true}, "20": {"execution_time": 0.31118059158325195, "passed": true}, "21": {"execution_time": 0.2598245143890381, "passed": true}, "22": {"execution_time": 0.2829875946044922, "passed": true}, "23": {"execution_time": 0.303696870803833, "passed": true}, "24": {"execution_time": 0.2334129810333252, "passed": true}, "25": {"execution_time": 0.5576488971710205, "passed": true}, "26": {"execution_time": 0.5194141864776611, "passed": true}, "27": {"execution_time": 0.5860836505889893, "passed": true}, "28": {"execution_time": 1.068885326385498, "passed": true}, "29": {"execution_time": 0.24177837371826172, "passed": true}}}, "check_style_score": "0/1"}