{"version": "1", "message": "ERROR: Hidden Testcases server unreachable.", "problem_id": "ads2_m16_a1_1", "user_id": "priyankamaladi77", "score": {"sample": {"0": {"execution_time": 0.21353650093078613, "passed": false}, "1": {"execution_time": 0.22191739082336426, "passed": false}, "2": {"execution_time": 0.5241260528564453, "passed": false}, "3": {"execution_time": 0.5133552551269531, "passed": false}, "4": {"execution_time": 0.5063073635101318, "passed": false}, "5": {"execution_time": 0.46707892417907715, "passed": false}, "6": {"execution_time": 0.5525588989257812, "passed": false}, "7": {"execution_time": 0.49600672721862793, "passed": false}, "8": {"execution_time": 0.28932666778564453, "passed": false}, "9": {"execution_time": 0.5219089984893799, "passed": false}, "10": {"execution_time": 0.49724721908569336, "passed": false}, "11": {"execution_time": 0.20575642585754395, "passed": false}, "12": {"execution_time": 0.5037040710449219, "passed": false}, "13": {"execution_time": 0.1993238925933838, "passed": false}, "14": {"execution_time": 0.5255229473114014, "passed": false}, "15": {"execution_time": 0.4970080852508545, "passed": false}, "16": {"execution_time": 0.4443814754486084, "passed": false}, "17": {"execution_time": 0.26544189453125, "passed": false}, "18": {"execution_time": 0.26363277435302734, "passed": false}, "19": {"execution_time": 0.24907374382019043, "passed": false}, "20": {"execution_time": 0.2646164894104004, "passed": false}, "21": {"execution_time": 0.28911423683166504, "passed": false}, "22": {"execution_time": 0.24545836448669434, "passed": false}, "23": {"execution_time": 0.4768383502960205, "passed": false}, "24": {"execution_time": 0.19176650047302246, "passed": false}, "25": {"execution_time": 0.507927417755127, "passed": false}, "26": {"execution_time": 0.430952787399292, "passed": false}, "27": {"execution_time": 0.4663527011871338, "passed": false}, "28": {"execution_time": 0.8077232837677002, "passed": false}, "29": {"execution_time": 0.21834611892700195, "passed": false}}}, "check_style_score": "0/1"}