{"version": "1", "message": "ERROR: Hidden Testcases server unreachable.", "problem_id": "ads2_m16_a1_1", "user_id": "priyankamaladi77", "score": {"sample": {"0": {"execution_time": 0.31357574462890625, "passed": true}, "1": {"execution_time": 0.3650670051574707, "passed": true}, "2": {"execution_time": 0.6658647060394287, "passed": true}, "3": {"execution_time": 0.5856554508209229, "passed": true}, "4": {"execution_time": 0.7044756412506104, "passed": true}, "5": {"execution_time": 0.7774274349212646, "passed": true}, "6": {"execution_time": 0.6991314888000488, "passed": true}, "7": {"execution_time": 0.6922786235809326, "passed": true}, "8": {"execution_time": 0.3187065124511719, "passed": true}, "9": {"execution_time": 0.6253371238708496, "passed": true}, "10": {"execution_time": 0.6257507801055908, "passed": true}, "11": {"execution_time": 3.9729113578796387, "passed": true}, "12": {"execution_time": 0.5890970230102539, "passed": true}, "13": {"execution_time": 0.28641700744628906, "passed": true}, "14": {"execution_time": 0.6429731845855713, "passed": true}, "15": {"execution_time": 0.6527860164642334, "passed": true}, "16": {"execution_time": 0.32413363456726074, "passed": true}, "17": {"execution_time": 0.42984819412231445, "passed": true}, "18": {"execution_time": 0.4331514835357666, "passed": true}, "19": {"execution_time": 0.34082698822021484, "passed": true}, "20": {"execution_time": 0.348085880279541, "passed": true}, "21": {"execution_time": 0.3423490524291992, "passed": true}, "22": {"execution_time": 0.39943790435791016, "passed": true}, "23": {"execution_time": 0.4052906036376953, "passed": true}, "24": {"execution_time": 0.2678649425506592, "passed": true}, "25": {"execution_time": 0.7027497291564941, "passed": true}, "26": {"execution_time": 0.5560863018035889, "passed": true}, "27": {"execution_time": 0.6681129932403564, "passed": true}, "28": {"execution_time": 0.9689171314239502, "passed": true}, "29": {"execution_time": 0.26729750633239746, "passed": true}}}, "check_style_score": "0/1"}